{
    "train_loss": [
        2.2410899452541186,
        0.9139261136884275,
        0.6068440033041913,
        0.48250256984130196,
        0.3951657899048017,
        0.3381726789733638,
        0.30474425502445385,
        0.26613008613171785,
        0.24456292740676713,
        0.2212894337332767,
        0.20501357757526895,
        0.18934010772601417,
        0.1722177681715592,
        0.15944432233986647,
        0.15036187793897546,
        0.13979448183723117,
        0.12903275865575542,
        0.127092693163001,
        0.11444982316183007,
        0.10539027076700459,
        0.10320066660642624,
        0.09868957737217779,
        0.09141614735126495,
        0.09047435450813045,
        0.0829156954003417,
        0.0781563057847645,
        0.07769137070230815,
        0.07249748940053194,
        0.06830906991077507,
        0.06572953216407611,
        0.06272865206651065,
        0.05711694019644157,
        0.05843951404094696,
        0.058232863409363705,
        0.05371545187157133,
        0.05163032755903576,
        0.04899478752328002,
        0.047806952666977175,
        0.04579069475116937,
        0.044816120033678804,
        0.04265652966240178,
        0.041339384148950165,
        0.04165768098572026,
        0.03984559952564862,
        0.03757139596602191,
        0.0350349656427684,
        0.03551089417027391,
        0.03394018597900868,
        0.03209267576103625,
        0.03160024112009484
    ],
    "train_acc": [
        50.35326086956522,
        84.40217391304348,
        88.26086956521739,
        90.13586956521739,
        92.22826086956522,
        93.09782608695652,
        93.47826086956522,
        94.78260869565217,
        95.35326086956522,
        95.67934782608695,
        96.30434782608695,
        96.25,
        96.82065217391305,
        97.3913043478261,
        97.36413043478261,
        97.77173913043478,
        98.26086956521739,
        98.2336956521739,
        98.83152173913044,
        98.66847826086956,
        98.88586956521739,
        98.94021739130434,
        98.77717391304348,
        98.80434782608695,
        99.2663043478261,
        99.18478260869566,
        99.375,
        99.34782608695652,
        99.56521739130434,
        99.6195652173913,
        99.59239130434783,
        99.80978260869566,
        99.70108695652173,
        99.45652173913044,
        99.78260869565217,
        99.70108695652173,
        99.59239130434783,
        99.72826086956522,
        99.78260869565217,
        99.7554347826087,
        99.80978260869566,
        99.64673913043478,
        99.8913043478261,
        99.72826086956522,
        99.91847826086956,
        99.97282608695652,
        99.91847826086956,
        99.86413043478261,
        99.83695652173913,
        99.91847826086956
    ]
}