{
    "train_loss": [
        2.3099265336990356,
        0.9752479791641235,
        0.6534896871317988,
        0.49559813582378887,
        0.41086289157038147,
        0.34685504281002544,
        0.29177379504494044,
        0.25777008792628414,
        0.22481501335683077,
        0.20472994407881862,
        0.1767875640288643,
        0.16336422756962155,
        0.14487329954686373,
        0.13113793963971346,
        0.1264176034409067,
        0.11059310824974723,
        0.10539337714081225,
        0.09749655334845833,
        0.08878077867886294,
        0.08895059875819994,
        0.07485251851055934,
        0.07132604753841525,
        0.06452854949495067,
        0.06631004664561023,
        0.0663025621810685,
        0.05579099784726682,
        0.054147104789381444,
        0.05139854550361633,
        0.05300947252822959,
        0.044710345339515935,
        0.04573892929955669,
        0.04213168125437654,
        0.03888532710464104,
        0.03872920967962431,
        0.03999191443233387,
        0.04061913619870725,
        0.04063954479668452,
        0.030576658734808797,
        0.03268242112320403,
        0.031201578806275908,
        0.030443876771175344,
        0.03090275211016769,
        0.02978443351128827,
        0.028099478416792726,
        0.029474704615447832,
        0.027629510621013847,
        0.023364462962617044,
        0.025837371158211126,
        0.021270390672852163,
        0.02285432758052712
    ],
    "train_acc": [
        50.0,
        79.23913043478261,
        84.2663043478261,
        88.125,
        89.34782608695652,
        91.03260869565217,
        92.20108695652173,
        93.69565217391305,
        94.67391304347827,
        94.78260869565217,
        96.22282608695652,
        96.03260869565217,
        96.90217391304348,
        97.03804347826087,
        97.01086956521739,
        97.71739130434783,
        97.41847826086956,
        97.90760869565217,
        98.47826086956522,
        97.98913043478261,
        98.75,
        98.94021739130434,
        98.75,
        98.55978260869566,
        98.80434782608695,
        99.02173913043478,
        98.94021739130434,
        98.96739130434783,
        99.15760869565217,
        99.32065217391305,
        99.15760869565217,
        99.2663043478261,
        99.34782608695652,
        99.15760869565217,
        99.21195652173913,
        99.15760869565217,
        99.04891304347827,
        99.45652173913044,
        99.29347826086956,
        99.42934782608695,
        99.56521739130434,
        99.40217391304348,
        99.45652173913044,
        99.40217391304348,
        99.34782608695652,
        99.4836956521739,
        99.67391304347827,
        99.40217391304348,
        99.59239130434783,
        99.59239130434783
    ]
}